{
  "Profiles": [
    {
      "Ansi 7 Color (Light)": {
        "Red Component": 0.7810397744178772,
        "Color Space": "sRGB",
        "Blue Component": 0.78104829788208008,
        "Alpha Component": 1,
        "Green Component": 0.78105825185775757
      },
      "Ansi 15 Color (Light)": {
        "Red Component": 0.99999600648880005,
        "Color Space": "sRGB",
        "Blue Component": 1,
        "Alpha Component": 1,
        "Green Component": 1
      },
      "Ansi 2 Color (Light)": {
        "Red Component": 0,
        "Color Space": "sRGB",
        "Blue Component": 0,
        "Alpha Component": 1,
        "Green Component": 0.7607843279838562
      },
      "Bold Color": {
        "Green Component": 0.30196078430000001,
        "Red Component": 0.30196078430000001,
        "Blue Component": 0.29803921570000003
      },
      "Ansi 1 Color (Dark)": {
        "Red Component": 0.7074432373046875,
        "Color Space": "sRGB",
        "Blue Component": 0.16300037503242493,
        "Alpha Component": 1,
        "Green Component": 0.23660069704055786
      },
      "Use Bright Bold": true,
      "Ansi 9 Color (Light)": {
        "Red Component": 0.8659515380859375,
        "Color Space": "sRGB",
        "Blue Component": 0.45833224058151245,
        "Alpha Component": 1,
        "Green Component": 0.47524076700210571
      },
      "Ansi 8 Color (Dark)": {
        "Red Component": 0.40781760215759277,
        "Color Space": "sRGB",
        "Blue Component": 0.4078223705291748,
        "Alpha Component": 1,
        "Green Component": 0.40782788395881653
      },
      "Background Color": {
        "Green Component": 0.90196078431372551,
        "Red Component": 0.69803921568627447,
        "Blue Component": 0.92156862745098034
      },
      "Columns": 160,
      "Ansi 8 Color": {
        "Green Component": 0,
        "Red Component": 0,
        "Blue Component": 0
      },
      "Right Option Key Sends": 2,
      "Ansi 4 Color (Light)": {
        "Red Component": 0.15404300391674042,
        "Color Space": "sRGB",
        "Blue Component": 0.78216177225112915,
        "Alpha Component": 1,
        "Green Component": 0.26474356651306152
      },
      "Blinking Cursor": false,
      "Space": 0,
      "Selected Text Color (Light)": {
        "Red Component": 0,
        "Color Space": "sRGB",
        "Blue Component": 0,
        "Alpha Component": 1,
        "Green Component": 0
      },
      "Selected Text Color (Dark)": {
        "Red Component": 0,
        "Color Space": "sRGB",
        "Blue Component": 0,
        "Alpha Component": 1,
        "Green Component": 0
      },
      "Ansi 3 Color (Dark)": {
        "Red Component": 0.78058648109436035,
        "Color Space": "sRGB",
        "Blue Component": 0,
        "Alpha Component": 1,
        "Green Component": 0.76959484815597534
      },
      "Keyboard Map": {},
      "Visual Bell": true,
      "Only The Default BG Color Uses Transparency": true,
      "Cursor Text Color": {
        "Green Component": 1,
        "Red Component": 1,
        "Blue Component": 1
      },
      "Scrollback Lines": 10000,
      "Selection Color (Light)": {
        "Red Component": 0.70196080207824707,
        "Color Space": "sRGB",
        "Blue Component": 1,
        "Alpha Component": 1,
        "Green Component": 0.84313726425170898
      },
      "Ansi 0 Color": {
        "Green Component": 0,
        "Red Component": 0,
        "Blue Component": 0
      },
      "Ansi 11 Color (Light)": {
        "Red Component": 0.9259033203125,
        "Color Space": "sRGB",
        "Blue Component": 0,
        "Alpha Component": 1,
        "Green Component": 0.8833775520324707
      },
      "Ansi 5 Color (Dark)": {
        "Red Component": 0.752197265625,
        "Color Space": "sRGB",
        "Blue Component": 0.74494361877441406,
        "Alpha Component": 1,
        "Green Component": 0.24931684136390686
      },
      "Cursor Text Color (Light)": {
        "Red Component": 1,
        "Color Space": "sRGB",
        "Blue Component": 1,
        "Alpha Component": 1,
        "Green Component": 1
      },
      "Silence Bell": true,
      "Rows": 50,
      "Draw Powerline Glyphs": true,
      "Guid": "5480ECCF-7AF9-4DF3-8954-0B0AF3FAAAAB",
      "Ansi 14 Color (Dark)": {
        "Red Component": 0.37597531080245972,
        "Color Space": "sRGB",
        "Blue Component": 1,
        "Alpha Component": 1,
        "Green Component": 0.99263292551040649
      },
      "Ansi 15 Color (Dark)": {
        "Red Component": 0.99999600648880005,
        "Color Space": "sRGB",
        "Blue Component": 1,
        "Alpha Component": 1,
        "Green Component": 1
      },
      "Ansi 0 Color (Dark)": {
        "Red Component": 0.078431375324726105,
        "Color Space": "sRGB",
        "Blue Component": 0.11764705926179886,
        "Alpha Component": 1,
        "Green Component": 0.098039217293262482
      },
      "Ambiguous Double Width": false,
      "Option Key Sends": 2,
      "Ansi 3 Color": {
        "Red Component": 0.5201416015625,
        "Color Space": "sRGB",
        "Blue Component": 0,
        "Alpha Component": 1,
        "Green Component": 0.42169968113085771
      },
      "Window Type": 0,
      "BM Growl": true,
      "Prompt Before Closing 2": false,
      "Command": "",
      "Left Option Key Changeable": false,
      "Selected Text Color": {
        "Green Component": 0.30196078430000001,
        "Red Component": 0.30196078430000001,
        "Blue Component": 0.29803921570000003
      },
      "Ansi 14 Color (Light)": {
        "Red Component": 0.37597531080245972,
        "Color Space": "sRGB",
        "Blue Component": 1,
        "Alpha Component": 1,
        "Green Component": 0.99263292551040649
      },
      "Cursor Guide Color (Dark)": {
        "Red Component": 0.37649588016392954,
        "Color Space": "sRGB",
        "Blue Component": 0.94099044799804688,
        "Alpha Component": 0.25,
        "Green Component": 0.80232617749205526
      },
      "ASCII Ligatures": true,
      "Send Code When Idle": false,
      "Ansi 6 Color": {
        "Green Component": 0.59999999999999998,
        "Red Component": 0.24313725490196078,
        "Blue Component": 0.62352941176470589
      },
      "Jobs to Ignore": ["rlogin", "ssh", "slogin", "telnet"],
      "Badge Color (Dark)": {
        "Red Component": 0.9787440299987793,
        "Color Space": "sRGB",
        "Blue Component": 0.65218597462148864,
        "Alpha Component": 0.5,
        "Green Component": 0.65218597462148864
      },
      "Cursor Color": {
        "Green Component": 0.30196078430000001,
        "Red Component": 0.30196078430000001,
        "Blue Component": 0.29803921570000003
      },
      "Vertical Spacing": 0.95999999999999996,
      "Disable Window Resizing": true,
      "Close Sessions On End": true,
      "Selection Color (Dark)": {
        "Red Component": 0.70196080207824707,
        "Color Space": "sRGB",
        "Blue Component": 1,
        "Alpha Component": 1,
        "Green Component": 0.84313726425170898
      },
      "Default Bookmark": "Yes",
      "Foreground Color (Light)": {
        "Red Component": 0.062745098039215685,
        "Color Space": "sRGB",
        "Blue Component": 0.062745098039215685,
        "Alpha Component": 1,
        "Green Component": 0.062745098039215685
      },
      "Custom Command": "No",
      "Background Color (Dark)": {
        "Red Component": 0.0806884765625,
        "Color Space": "sRGB",
        "Blue Component": 0.12103271484375,
        "Alpha Component": 1,
        "Green Component": 0.099111050367355347
      },
      "Ansi 9 Color": {
        "Red Component": 0.985870361328125,
        "Color Space": "sRGB",
        "Blue Component": 0.21896864287555218,
        "Alpha Component": 1,
        "Green Component": 0.2581326357875261
      },
      "Ansi 14 Color": {
        "Red Component": 0.15171575546264648,
        "Color Space": "sRGB",